,Homeowner Vacancy Rate,Income,Median Mortgage Cost,Median gross rent,Median home value,NAME,Population,Rental Vacancy Rate,home owner afford,rent afford
0,2000.0,72935.0,1539.0,1362.0,506100.0,"Washington city, District of Columbia",659009.0,10256.0,0.25321176389936245,0.22408994310002056
1,19855.0,55191.0,1362.0,1294.0,508900.0,"New York city, New York",8461961.0,76655.0,0.2961352394412132,0.28135022014458877
2,1136.0,58516.0,1518.0,1369.0,423200.0,"Boston city, Massachusetts",658279.0,5576.0,0.31129947364823296,0.28074372821108756
3,13417.0,50434.0,1138.0,987.0,225200.0,"Chicago city, Illinois",2714017.0,40067.0,0.27076971884046475,0.23484157512788992
4,5401.0,51538.0,1410.0,1241.0,496300.0,"Los Angeles city, California",3918872.0,30057.0,0.32830144747564904,0.28895184135977336
5,1606.0,58641.0,1081.0,966.0,218200.0,"Raleigh city, North Carolina",441326.0,5241.0,0.22121041592060162,0.19767739295032485
6,1872.0,60939.0,1215.0,1106.0,257800.0,"Austin city, Texas",907779.0,11621.0,0.23925564909171468,0.21779156205385714
7,2735.0,49398.0,1112.0,998.0,222300.0,"Atlanta city, Georgia",456378.0,9829.0,0.27013239402404954,0.2424389651402891
